Import Type,Import SFDC Campaign Type,Import SFDC Campaign Id,Import SFDC Campaign Status,Email Address,Question 01,Answer 01,Question 2,Answer 2,Question 3,Answer 3,Question 4,Answer 4,Question 5,Answer 5,Question 6,Answer 6,Question 7,Answer 7,Question 8,Answer 8,Question 9,Answer 9,Question 10,Answer 10
campaignmember-sqa,Social Media Campaign,70187223344556600,Attended,daniel.wilson@splunk.com,Sample Question 2,Sample Answer 2,,,,,,,,,,,,,,,,,,
campaignmember-sqa,Paid Ad,702112233445566,Sales Follow-Up,ethan.thomas@email.com,Sample Question 4,Sample Answer 4,,,,,,,,,,,,,,,,,,
campaignmember-sqa,Event,70187223344556600,Attended,isabella.clark@email.com,Sample Question 5,Sample Answer 5,,,,,,,,,,,,,,,,,,
campaignmember-sqa,Conference,702334455667788,Registered,logan.robinson@email.com,Sample Question 6,Sample Answer 6,,,,,,,,,,,,,,,,,,
