Import Type,Import SFDC Campaign Type,Import SFDC Campaign Id,Import SFDC Campaign Status,Email Address,Question 01,Answer 01,Question 2,Answer 2,Question 3,Answer 3,Question 4,Answer 4,Question 5,Answer 5,Question 6,Answer 6,Question 7,Answer 7,Question 8,Answer 8,Question 9,Answer 9,Question 10,Answer 10
,Conference,702334405667788,Registered,logan.robinson@email.com,Sample Question 19,Sample Answer 19,,,,,,,,,,,,,,,,,,
,Webinar,701123456788888,Attended,virat.kohli@email.com,Sample Question 20,Sample Answer 20,,,,,,,,,,,,,,,,,,
,Conference,701987654329999,Registered,steve.smith@email.com,Sample Question 21,Sample Answer 21,,,,,,,,,,,,,,,,,,
,Trade Show,701112233446666,Sales Follow-Up,albert.johnson@email.com,Sample Question 22,Sample Answer 22,,,,,,,,,,,,,,,,,,
,Webinar,701223344557777,Attended - On Demand,emily.black@email.com,Sample Question 23,Sample Answer 23,,,,,,,,,,,,,,,,,,
,Email Campaign,701334455668888,Registered,robert.red@bdo.in,Sample Question 24,Sample Answer 24,,,,,,,,,,,,,,,,,,
,Trade Show,701112233446666,Sales Follow-Up,albert.johnson@email.com,Sample Question 25,Sample Answer 25,,,,,,,,,,,,,,,,,,
,Event,701972233445565,Attended,isabella.clark@email.com,Sample Question 26,Sample Answer 26,,,,,,,,,,,,,,,,,,
