Import Type,Import SFDC Campaign Type,Import SFDC Campaign Id,Import Record Type,UTM Import Source,Import Page URL,Import Asset Title,Import URL,Import SFDC Campaign Status,Exclude Routing,Exclude Routing Reason,Opt-In Flag,Email Address,Company,First Name,Last Name,Job Title,Country,State or Province,Zip or Postal Code,Phone,Address,Address 2,Mobile Phone,Other Phone,Extension,City,Department,MKT Industry,MKT Employees,Area Of Interest,Subject,Comments,Question 01,Answer 01,Question 02,Answer 02,Question 03,Answer 03,Question 04,Answer 04,Question 05,Answer 05,Question 06,Answer 06,Question 07,Answer 07,Question 08,Answer 08,Question 09,Answer 09,Question 10,Answer 10
nonpartner,Content Syndication - Recorded Webcast,701001122334455,2-Touch-Profiler,DemandWorks,,,,Registered,,,0.0,ava.anderson@email.com,Lambda Ltd,Ava,Anderson,VP of Operations,Australia,ACT,3000,345-678-9012,78 Brooks St,,765-123-0987,,106.0,Melbourne,Finance,Travel,,IT Operations,,Will follow up in 2 weeks,Sample Question 3,Sample Answer 3,,,,,,,,,,,,,,,,,,
nonpartner,Content Syndication - Whitepaper,701987654321098,2-Touch-Profiler,Expandi,,,,Registered,,,0.0,jane.smith@email.com,XYZ Ltd,Jane,Smith,Marketing Head,Canada,ON,M5H 2N2,987-654-3210,45 Queen St,,555-789-1237,,,Toronto,Marketing,Retail,1000-5000,Security & Fraud,,Wants more info on success cases,Sample Question 8,Sample Answer 8,,,,,,,,,,,,,,,,,,
nonpartner,Content Syndication - Whitepaper,701001122334455,2-Touch-Profiler,IDG,,,,Registered,,,0.0,ava.anderson@email.com,Lambda Ltd,Ava,Anderson,VP of Operations,Australia,ACT,3000,315-678-9012,78 Brooks St,,765-123-0987,,106.0,Melbourne,Finance,Travel,,IT Operations,,Will follow up in 2 weeks,Sample Question 16,Sample Answer 16,,,,,,,,,,,,,,,,,,
nonpartner,Content Syndication - Whitepaper,701987654329999,2-Touch-Profiler,Informa Tech,,,,Registered,,,0.0,steve.smith@email.com,XYZ Ltd,Steve,Smith,Marketing Head,Canada,ON,M5H 2N2,987-654-3210,45 Queen St,,555-789-1237,,,Toronto,Marketing,Retail,1000-5000,Security & Fraud,,Wants more info on success cases,Sample Question 21,Sample Answer 21,,,,,,,,,,,,,,,,,,
