Import SFDC Campaign Type,Import SFDC Campaign Id,Import SFDC Campaign Status,Import Type,Exclude Routing,Exclude Routing Reason,Opt-In Flag,Email Address,Company,First Name,Last Name,Job Title,Country,State or Province,Zip or Postal Code,Phone,Address,Address 2,Mobile Phone,Other Phone,Extension,City,Department,MKT Industry,MKT Employees,Area Of Interest,Subject,Comments
ISR Campaign,702112233445566,Upload,sales,,,,ethan.thomas@email.com,Omega Corp,Ethan,Thomas,Business Analyst,Canada,AB,T2P 1G8,234-567-8901,22 Downtown st,,678-567-6554,523-978-0034,,Calgary,Human Resources,Logistics,,DevOps & Observability,Needs competitive analysis,Requested industry report
ISR Campaign,70187223344556677,Attended,sales,,,,isabella.clark@email.com,Sigma Ltd,Isabella,Clark,CFO,United States,IL,60601,567-890-1234,,Apt 12C,123-098-4567,,,Chicago,,,800-1500,Other,Sent risk mitigation plan,Follow-up in 3 days
ISR Campaign,702334455667788,Registered,sales,,,,logan.robinson@email.com,Theta Corp,Logan,Robinson,Marketing Lead,Ukraine,Non-US/Canada,SE1 1AA,678-901-2345,100 Wacker Drive,,928-566-4567,,107.0,,Finance,,1000-5000,DevOps & Observability,Shared product catalog,Intrested in reseller program
BDR Campaign,701609091116990011,Upload,sales,,,,olivia.robert@email.com,Default Customer Account - Do Not Edit or Request Ownership,Olivia,Robert,VP of Marketing,Ukraine,Non-US/Canada,EC1A 1BB,552-999-8769,90 Goodman gate,Suite 500,871-678-1693,,102.0,London,Marketing,Automotive,,Other,Sent creative portifolio,Follow-up next week
ISR Campaign,702334405667788,Registered,sales,,,,logan.robinson@email.com,Theta Corp,Logan,Robinson,Marketing Lead,Ukraine,Non-US/Canada,SE1 1AA,678-901-2341,100 Wacker Drive,,928-566-4567,,107.0,,Finance,,1000-5000,DevOps & Observability,Shared product catalog,Intrested in reseller program
