Import SFDC Campaign Type,Import SFDC Campaign Id,Import SFDC Campaign Status,Import Type,Exclude Routing,Exclude Routing Reason,Opt-In Flag,Email Address,Company,First Name,Last Name,Job Title,Country,State or Province,Zip or Postal Code,Phone,Address,Address 2,Mobile Phone,Other Phone,Extension,City,Department,MKT Industry,MKT Employees,Area Of Interest,Subject,Comments
ISR Campaign,701112233445566,Sales Follow-Up,sales,,,1.0,mike.johnson@email.com,"""TechCorp""",Mike,Johnson,IT Director,United States,TX,7301,"456-7,,89-0123",678 Innovation Way,Suite 202,555-789-1234,,103.0,Austin,IT,Finance,200-400,DevOps & Observability,Sent technical whitepaper,Awaiting response
Sales Campaign,701223344556677,Attended,sales,,,,robert.brown@verticurl.com,Alpha Ltd,Emily,Wh/ite,HR Manager,West Indies,Non-US/Canada,SW1A 1AA,321-654-9870,10 King's Road,Floor 3,555-769-1234,555-238-0123,,London,Human Resources,,50-200,Other,Follow-up required,Wants HR compliance guide
ISR Campaign,701334455667788,Registered,sales,,,,robert.brown@verticurl.com,Beta Inc,Robert,Brown,CFO,Australia,QLD,2000,789-012-3456,89 Collins St,,555-619-1234,,,Sydney,Finance,Healthcare,,Business,Needs financial projection,Waiting for meeting confirmation
Sales Campaign,701445566778899,Attended,sales,,,,lisa.martin@email.com,,Lisa,,COO,Canada,BC,V6B 1G1,654-321-0987,12 Waterfront Ave,,455-789-1234,,,Vancouver,Operations,Tech,500-1000,Security & Fraud,,Intrested incollaboration
IIR Campaign,701123456789012,Attended,sales,,,,john.doe@email.com,,"Jo,hn/",Doe,Sales Manager,United States,CA,90001,123-456-7890,123 Main Street,Apt 4B,555-789-1234,555-678-0142,101.0,Los Angeles,Sales,Technology,500-1000,IT Operations,Follow-up required,Intrested in product demo
Sales Campaign,701445566778899,Registered,sales,,,,lisa.manoban@email.com,ABC Ltd,Lisa,Manoban,COO,Canada,BC,V6B 1G1,564-321-0987,12 Firefront Ave,,554-789-1234,,,Vancouver,Operations,Tech,500-1000,Security & Fraud,,Intrested incollaboration
Sales Campaign,701972233445565,Attended,sales,,,,isabella.clark@email.com,Sigma Ltd,Isabella,Clark,CFO,United States,IL,60601,577-890-1234,,Apt 12C,123-098-4567,,,Chicago,,,800-1500,Other,Sent risk mitigation plan,Follow-up in 3 days
Sales Campaign,701112233446666,Attended,sales,,,,albert.johnson@email.com,"""TechCorp""",Albert,Johnson,IT Director,United States,TX,7301,"456-7,,89-0123",678 Innovation Way,Suite 202,555-789-1234,,103.0,Austin,IT,Finance,200-400,DevOps & Observability,Sent technical whitepaper,Awaiting response
