Import SFDC Campaign Type,Import SFDC Campaign Id,Import SFDC Campaign Status,Import Type,Exclude Routing,Exclude Routing Reason,Partner Profile ID,Import UTM Source,Opt-In Flag,Email Address,Company,First Name,Last Name,Job Title,Country,State or Province,Zip or Postal Code,Phone,Address,Address 2,Mobile Phone,Other Phone,Extension,City,Department,MKT Industry,MKT Employees,Area Of Interest,Subject,Comments
Social Media Campaign,Social Media Campaign,Attended,partner,,,999000111,PartnerH,1.0,daniel.wilson@splunk.com,Kappa Ltd,,Wilson,Sales Executive,Ukraine,Non-US/Canada,W1A 1AA,890-765-4321,567 Greenway Lane,,123-456-7895,,,Manchester,Sales,,5500-10000,Security & Fraud,Shared product catalog,Intrested in reseller program
Paid Ad,702112233445566,Sales Follow-Up,partner,,,111222333,PartnerJ,1.0,ethan.thomas@email.com,Omega Corp,Ethan,Thomas,Business Analyst,Canada,AB,T2P 1G8,234-567-8901,22 Downtown st,,678-567-6554,523-978-0034,,Calgary,Human Resources,Logistics,,DevOps & Observability,Needs competitive analysis,Requested industry report
Event,70187223344556677,Attended,partner,0.0,,222333444,PartnerK,1.0,isabella.clark@email.com,Sigma Ltd,Isabella,Clark,CFO,United States,IL,60601,567-890-1234,,Apt 12C,123-098-4567,,,Chicago,,,800-1500,Other,Sent risk mitigation plan,Follow-up in 3 days
Conference,702334455667788,Registered,partner,,,333444555,PartnerL,1.0,logan.robinson@email.com,Theta Corp,Logan,Robinson,Marketing Lead,Ukraine,Non-US/Canada,SE1 1AA,678-901-2345,100 Wacker Drive,,928-566-4567,,107.0,,Finance,,1000-5000,DevOps & Observability,Shared product catalog,Intrested in reseller program
Conference,702334405667788,Registered,partner,,,333444555,PartnerV,1.0,logan.robinson@email.com,Theta Corp,Logan,Robinson,Marketing Lead,Ukraine,Non-US/Canada,SE1 1AA,678-901-2341,100 Wacker Drive,,928-566-4567,,107.0,,Finance,,1000-5000,DevOps & Observability,Shared product catalog,Intrested in reseller program
