Import SFDC Campaign Type,Import SFDC Campaign Id,Import SFDC Campaign Status,Import Type,Exclude Routing,Exclude Routing Reason,Partner Profile ID,Import UTM Source,Opt-In Flag,Email Address,Company,First Name,Last Name,Job Title,Country,State or Province,Zip or Postal Code,Phone,Address,Address 2,Mobile Phone,Other Phone,Extension,City,Department,MKT Industry,MKT Employees,Area Of Interest,Subject,Comments
Conference,701987654321098,Registered,partner,,,987654321,PartnerY,0.0,,XYZ Ltd,Jane,Smith,Marketing Head,Canada,ON,M5H 2N2,987-654-3210,45 Queen St,,555-789-1237,,,Toronto,Marketing,Retail,1000-5000,Security & Fraud,,Wants more info on success cases
Trade Show,701001122334455,Registered,partner,,,111222,PartnerI,0.0,ava.anderson@email.com,Lambda Ltd,Ava,Anderson,VP of Operations,Australia,ACT,3000,345-678-9012,78 Brooks St,,765-123-0987,,106.0,Melbourne,Finance,Travel,,IT Operations,,Will follow up in 2 weeks
Conference,701987654321098,Registered,partner,,,987654321,PartnerY,0.0,jane.smith@email.com,XYZ Ltd,Jane,Smith,Marketing Head,Canada,ON,M5H 2N2,987-654-3210,45 Queen St,,555-789-1237,,,Toronto,Marketing,Retail,1000-5000,Security & Fraud,,Wants more info on success cases
Trade Show,701001122334455,Registered,partner,,,111222,PartnerS,0.0,ava.anderson@email.com,Lambda Ltd,Ava,Anderson,VP of Operations,Australia,ACT,3000,315-678-9012,78 Brooks St,,765-123-0987,,106.0,Melbourne,Finance,Travel,,IT Operations,,Will follow up in 2 weeks
Conference,701987654329999,Registered,partner,,,987654329,PartnerBB,0.0,steve.smith@email.com,XYZ Ltd,Steve,Smith,Marketing Head,Canada,ON,M5H 2N2,987-654-3210,45 Queen St,,555-789-1237,,,Toronto,Marketing,Retail,1000-5000,Security & Fraud,,Wants more info on success cases
