Import SFDC Campaign Type,Import SFDC Campaign Id,Import SFDC Campaign Status,Import Type,Exclude Routing,Exclude Routing Reason,Partner Profile ID,Import UTM Source,Opt-In Flag,Email Address,Company,First Name,Last Name,Job Title,Country,State or Province,Zip or Postal Code,Phone,Address,Address 2,Mobile Phone,Other Phone,Extension,City,Department,MKT Industry,MKT Employees,Area Of Interest,Subject,Comments
Webinar,701223344556677,Attended - On Demand,partner,,,222333444,PartnerA,1.0,robert.brown@verticurl.com,Alpha Ltd,Emily,Wh/ite,HR Manager,West Indies,Non-US/Canada,SW1A 1AA,321-654-9870,10 King's Road,Floor 3,555-769-1234,555-238-0123,,London,Human Resources,,50-200,Other,Follow-up required,Wants HR compliance guide
Email Campaign,701334455667788,Registered,partner,0.0,,333444555,PartnerB,1.0,robert.brown@verticurl.com,Beta Inc,Robert,Brown,CFO,Australia,QLD,2000,789-012-3456,89 Collins St,,555-619-1234,,,Sydney,Finance,Healthcare,,Business,Needs financial projection,Waiting for meeting confirmation
Paid Ad,701445566778899,Active,partner,,,444555666,PartnerC,1.0,lisa.martin@email.com,,Lisa,,COO,Canada,BC,V6B 1G1,654-321-0987,12 Waterfront Ave,,455-789-1234,,,Vancouver,Operations,Tech,500-1000,Security & Fraud,,Intrested incollaboration
Paid Ad,701445566778899,Active,partner,,,333555666,PartnerP,1.0,lisa.manoban@email.com,ABC Ltd,Lisa,Manoban,COO,Canada,BC,V6B 1G1,564-321-0987,12 Firefront Ave,,554-789-1234,,,Vancouver,Operations,Tech,500-1000,Security & Fraud,,Intrested incollaboration
