Import Type,Import SFDC Campaign Type,Import SFDC Campaign Id,Import SFDC Campaign Status,Email Address
campaignmember-so,Paid Ad,701445566778899,Active,lisa.martin@email.com
campaignmember-so,Email Campaign,701889900112233,Registered,sophia.miller@email.com
campaignmember-so,Trade Show,701001122334455,Registered,ava.anderson@email.com
campaignmember-so,Conference,701987654321098,Registered,jane.smith@email.com
campaignmember-so,Paid Ad,701445566778899,Active,lisa.manoban@email.com
campaignmember-so,Email Campaign,701889900332211,Registered,sophia.miles@email.com
