Import Type,Import SFDC Campaign Type,Import SFDC Campaign Id,Import SFDC Campaign Status,Email Address
,Paid Ad,701212233445566,Sales Follow-Up,ethan.thomas@email.com
,Event,701972233445565,Attended,isabella.clark@email.com
,Conference,702334405667788,Registered,logan.robinson@email.com
,Webinar,701123456788888,Attended,virat.kohli@email.com
,Conference,701987654329999,Registered,steve.smith@email.com
,Trade Show,701112233446666,Sales Follow-Up,albert.johnson@email.com
,Webinar,701223344557777,Attended - On Demand,emily.black@email.com
,Email Campaign,701334455668888,Registered,robert.red@bdo.in
